<annotation>
	<folder>my-project-name</folder>
	<filename>bench7.jpg</filename>
	<path>/my-project-name/bench7.jpg</path>
	<source>
		<database>Unspecified</database>
	</source>
	<size>
		<width>4000</width>
		<height>2000</height>
		<depth>3</depth>
	</size>
	<object>
		<name>bench</name>
		<pose>Unspecified</pose>
		<truncated>0</truncated>
		<difficult>0</difficult>
		<bndbox>
			<xmin>1059</xmin>
			<ymin>99</ymin>
			<xmax>2786</xmax>
			<ymax>1901</ymax>
		</bndbox>
	</object>
</annotation>