<annotation>
	<folder>my-project-name</folder>
	<filename>cycle4.jpg</filename>
	<path>/my-project-name/cycle4.jpg</path>
	<source>
		<database>Unspecified</database>
	</source>
	<size>
		<width>1164</width>
		<height>1500</height>
		<depth>3</depth>
	</size>
	<object>
		<name>cycle</name>
		<pose>Unspecified</pose>
		<truncated>0</truncated>
		<difficult>0</difficult>
		<bndbox>
			<xmin>197</xmin>
			<ymin>170</ymin>
			<xmax>1023</xmax>
			<ymax>1324</ymax>
		</bndbox>
	</object>
</annotation>