<annotation>
	<folder>my-project-name</folder>
	<filename>cycle5.jpg</filename>
	<path>/my-project-name/cycle5.jpg</path>
	<source>
		<database>Unspecified</database>
	</source>
	<size>
		<width>2000</width>
		<height>2000</height>
		<depth>3</depth>
	</size>
	<object>
		<name>cycle</name>
		<pose>Unspecified</pose>
		<truncated>0</truncated>
		<difficult>0</difficult>
		<bndbox>
			<xmin>194</xmin>
			<ymin>193</ymin>
			<xmax>1695</xmax>
			<ymax>1950</ymax>
		</bndbox>
	</object>
</annotation>