<annotation>
	<folder>my-project-name</folder>
	<filename>cycle3.jpg</filename>
	<path>/my-project-name/cycle3.jpg</path>
	<source>
		<database>Unspecified</database>
	</source>
	<size>
		<width>1244</width>
		<height>1500</height>
		<depth>3</depth>
	</size>
	<object>
		<name>cycle</name>
		<pose>Unspecified</pose>
		<truncated>0</truncated>
		<difficult>0</difficult>
		<bndbox>
			<xmin>136</xmin>
			<ymin>31</ymin>
			<xmax>1152</xmax>
			<ymax>1432</ymax>
		</bndbox>
	</object>
</annotation>