<annotation>
	<folder>my-project-name</folder>
	<filename>dumbbell2.jpg</filename>
	<path>/my-project-name/dumbbell2.jpg</path>
	<source>
		<database>Unspecified</database>
	</source>
	<size>
		<width>425</width>
		<height>367</height>
		<depth>3</depth>
	</size>
	<object>
		<name>dumbbell</name>
		<pose>Unspecified</pose>
		<truncated>0</truncated>
		<difficult>0</difficult>
		<bndbox>
			<xmin>20</xmin>
			<ymin>1</ymin>
			<xmax>403</xmax>
			<ymax>263</ymax>
		</bndbox>
	</object>
</annotation>