<annotation>
	<folder>my-project-name</folder>
	<filename>dumbbell1.jpg</filename>
	<path>/my-project-name/dumbbell1.jpg</path>
	<source>
		<database>Unspecified</database>
	</source>
	<size>
		<width>480</width>
		<height>292</height>
		<depth>3</depth>
	</size>
	<object>
		<name>dumbbell</name>
		<pose>Unspecified</pose>
		<truncated>0</truncated>
		<difficult>0</difficult>
		<bndbox>
			<xmin>4</xmin>
			<ymin>0</ymin>
			<xmax>271</xmax>
			<ymax>192</ymax>
		</bndbox>
	</object>
	<object>
		<name>dumbbell</name>
		<pose>Unspecified</pose>
		<truncated>0</truncated>
		<difficult>0</difficult>
		<bndbox>
			<xmin>199</xmin>
			<ymin>75</ymin>
			<xmax>478</xmax>
			<ymax>288</ymax>
		</bndbox>
	</object>
</annotation>