<annotation>
	<folder>my-project-name</folder>
	<filename>dumbbell6.jpg</filename>
	<path>/my-project-name/dumbbell6.jpg</path>
	<source>
		<database>Unspecified</database>
	</source>
	<size>
		<width>1280</width>
		<height>720</height>
		<depth>3</depth>
	</size>
	<object>
		<name>dumbbell</name>
		<pose>Unspecified</pose>
		<truncated>0</truncated>
		<difficult>0</difficult>
		<bndbox>
			<xmin>202</xmin>
			<ymin>346</ymin>
			<xmax>394</xmax>
			<ymax>720</ymax>
		</bndbox>
	</object>
	<object>
		<name>dumbbell</name>
		<pose>Unspecified</pose>
		<truncated>0</truncated>
		<difficult>0</difficult>
		<bndbox>
			<xmin>21</xmin>
			<ymin>572</ymin>
			<xmax>157</xmax>
			<ymax>684</ymax>
		</bndbox>
	</object>
</annotation>