<annotation>
	<folder>my-project-name</folder>
	<filename>dumbbell3.jpg</filename>
	<path>/my-project-name/dumbbell3.jpg</path>
	<source>
		<database>Unspecified</database>
	</source>
	<size>
		<width>760</width>
		<height>427</height>
		<depth>3</depth>
	</size>
	<object>
		<name>dumbbell</name>
		<pose>Unspecified</pose>
		<truncated>0</truncated>
		<difficult>0</difficult>
		<bndbox>
			<xmin>220</xmin>
			<ymin>149</ymin>
			<xmax>319</xmax>
			<ymax>331</ymax>
		</bndbox>
	</object>
</annotation>