<annotation>
	<folder>my-project-name</folder>
	<filename>dumbbell5.jpg</filename>
	<path>/my-project-name/dumbbell5.jpg</path>
	<source>
		<database>Unspecified</database>
	</source>
	<size>
		<width>243</width>
		<height>207</height>
		<depth>3</depth>
	</size>
	<object>
		<name>dumbbell</name>
		<pose>Unspecified</pose>
		<truncated>0</truncated>
		<difficult>0</difficult>
		<bndbox>
			<xmin>0</xmin>
			<ymin>1</ymin>
			<xmax>222</xmax>
			<ymax>145</ymax>
		</bndbox>
	</object>
	<object>
		<name>dumbbell</name>
		<pose>Unspecified</pose>
		<truncated>0</truncated>
		<difficult>0</difficult>
		<bndbox>
			<xmin>76</xmin>
			<ymin>150</ymin>
			<xmax>163</xmax>
			<ymax>207</ymax>
		</bndbox>
	</object>
	<object>
		<name>dumbbell</name>
		<pose>Unspecified</pose>
		<truncated>0</truncated>
		<difficult>0</difficult>
		<bndbox>
			<xmin>157</xmin>
			<ymin>81</ymin>
			<xmax>243</xmax>
			<ymax>138</ymax>
		</bndbox>
	</object>
</annotation>