<annotation>
	<folder>my-project-name</folder>
	<filename>dumbbell4.jpg</filename>
	<path>/my-project-name/dumbbell4.jpg</path>
	<source>
		<database>Unspecified</database>
	</source>
	<size>
		<width>590</width>
		<height>591</height>
		<depth>3</depth>
	</size>
	<object>
		<name>dumbbell</name>
		<pose>Unspecified</pose>
		<truncated>0</truncated>
		<difficult>0</difficult>
		<bndbox>
			<xmin>99</xmin>
			<ymin>179</ymin>
			<xmax>285</xmax>
			<ymax>329</ymax>
		</bndbox>
	</object>
</annotation>