<annotation>
	<folder>my-project-name</folder>
	<filename>elliptical4.jpg</filename>
	<path>/my-project-name/elliptical4.jpg</path>
	<source>
		<database>Unspecified</database>
	</source>
	<size>
		<width>900</width>
		<height>900</height>
		<depth>3</depth>
	</size>
	<object>
		<name>elliptical</name>
		<pose>Unspecified</pose>
		<truncated>0</truncated>
		<difficult>0</difficult>
		<bndbox>
			<xmin>43</xmin>
			<ymin>43</ymin>
			<xmax>861</xmax>
			<ymax>852</ymax>
		</bndbox>
	</object>
</annotation>