<annotation>
	<folder>my-project-name</folder>
	<filename>elliptical3.jpg</filename>
	<path>/my-project-name/elliptical3.jpg</path>
	<source>
		<database>Unspecified</database>
	</source>
	<size>
		<width>225</width>
		<height>225</height>
		<depth>3</depth>
	</size>
	<object>
		<name>elliptical</name>
		<pose>Unspecified</pose>
		<truncated>0</truncated>
		<difficult>0</difficult>
		<bndbox>
			<xmin>35</xmin>
			<ymin>8</ymin>
			<xmax>191</xmax>
			<ymax>200</ymax>
		</bndbox>
	</object>
</annotation>