<annotation>
	<folder>my-project-name</folder>
	<filename>elliptical2.jpg</filename>
	<path>/my-project-name/elliptical2.jpg</path>
	<source>
		<database>Unspecified</database>
	</source>
	<size>
		<width>283</width>
		<height>498</height>
		<depth>3</depth>
	</size>
	<object>
		<name>elliptical</name>
		<pose>Unspecified</pose>
		<truncated>0</truncated>
		<difficult>0</difficult>
		<bndbox>
			<xmin>3</xmin>
			<ymin>78</ymin>
			<xmax>282</xmax>
			<ymax>494</ymax>
		</bndbox>
	</object>
</annotation>