<annotation>
	<folder>my-project-name</folder>
	<filename>elliptical1.jpg</filename>
	<path>/my-project-name/elliptical1.jpg</path>
	<source>
		<database>Unspecified</database>
	</source>
	<size>
		<width>361</width>
		<height>497</height>
		<depth>3</depth>
	</size>
	<object>
		<name>elliptical</name>
		<pose>Unspecified</pose>
		<truncated>0</truncated>
		<difficult>0</difficult>
		<bndbox>
			<xmin>2</xmin>
			<ymin>27</ymin>
			<xmax>358</xmax>
			<ymax>496</ymax>
		</bndbox>
	</object>
</annotation>