<annotation>
	<folder>my-project-name</folder>
	<filename>machine3.jpg</filename>
	<path>/my-project-name/machine3.jpg</path>
	<source>
		<database>Unspecified</database>
	</source>
	<size>
		<width>225</width>
		<height>225</height>
		<depth>3</depth>
	</size>
	<object>
		<name>machine</name>
		<pose>Unspecified</pose>
		<truncated>0</truncated>
		<difficult>0</difficult>
		<bndbox>
			<xmin>42</xmin>
			<ymin>10</ymin>
			<xmax>183</xmax>
			<ymax>211</ymax>
		</bndbox>
	</object>
</annotation>