<annotation>
	<folder>my-project-name</folder>
	<filename>machine2.jpg</filename>
	<path>/my-project-name/machine2.jpg</path>
	<source>
		<database>Unspecified</database>
	</source>
	<size>
		<width>2000</width>
		<height>2400</height>
		<depth>3</depth>
	</size>
	<object>
		<name>machine</name>
		<pose>Unspecified</pose>
		<truncated>0</truncated>
		<difficult>0</difficult>
		<bndbox>
			<xmin>364</xmin>
			<ymin>252</ymin>
			<xmax>1649</xmax>
			<ymax>2145</ymax>
		</bndbox>
	</object>
</annotation>