<annotation>
	<folder>my-project-name</folder>
	<filename>squat2.jpg</filename>
	<path>/my-project-name/squat2.jpg</path>
	<source>
		<database>Unspecified</database>
	</source>
	<size>
		<width>1166</width>
		<height>1500</height>
		<depth>3</depth>
	</size>
	<object>
		<name>dumbbell</name>
		<pose>Unspecified</pose>
		<truncated>0</truncated>
		<difficult>0</difficult>
		<bndbox>
			<xmin>0</xmin>
			<ymin>490</ymin>
			<xmax>1166</xmax>
			<ymax>801</ymax>
		</bndbox>
	</object>
	<object>
		<name>squat</name>
		<pose>Unspecified</pose>
		<truncated>0</truncated>
		<difficult>0</difficult>
		<bndbox>
			<xmin>37</xmin>
			<ymin>6</ymin>
			<xmax>976</xmax>
			<ymax>1500</ymax>
		</bndbox>
	</object>
</annotation>