<annotation>
	<folder>my-project-name</folder>
	<filename>squat3.jpg</filename>
	<path>/my-project-name/squat3.jpg</path>
	<source>
		<database>Unspecified</database>
	</source>
	<size>
		<width>1257</width>
		<height>1500</height>
		<depth>3</depth>
	</size>
	<object>
		<name>dumbbell</name>
		<pose>Unspecified</pose>
		<truncated>0</truncated>
		<difficult>0</difficult>
		<bndbox>
			<xmin>101</xmin>
			<ymin>321</ymin>
			<xmax>1257</xmax>
			<ymax>579</ymax>
		</bndbox>
	</object>
	<object>
		<name>squat</name>
		<pose>Unspecified</pose>
		<truncated>0</truncated>
		<difficult>0</difficult>
		<bndbox>
			<xmin>0</xmin>
			<ymin>0</ymin>
			<xmax>1063</xmax>
			<ymax>1498</ymax>
		</bndbox>
	</object>
</annotation>