<annotation>
	<folder>my-project-name</folder>
	<filename>squat1.jpg</filename>
	<path>/my-project-name/squat1.jpg</path>
	<source>
		<database>Unspecified</database>
	</source>
	<size>
		<width>425</width>
		<height>604</height>
		<depth>3</depth>
	</size>
	<object>
		<name>squat</name>
		<pose>Unspecified</pose>
		<truncated>0</truncated>
		<difficult>0</difficult>
		<bndbox>
			<xmin>43</xmin>
			<ymin>7</ymin>
			<xmax>423</xmax>
			<ymax>604</ymax>
		</bndbox>
	</object>
	<object>
		<name>dumbbell</name>
		<pose>Unspecified</pose>
		<truncated>0</truncated>
		<difficult>0</difficult>
		<bndbox>
			<xmin>2</xmin>
			<ymin>398</ymin>
			<xmax>102</xmax>
			<ymax>528</ymax>
		</bndbox>
	</object>
	<object>
		<name>dumbbell</name>
		<pose>Unspecified</pose>
		<truncated>0</truncated>
		<difficult>0</difficult>
		<bndbox>
			<xmin>108</xmin>
			<ymin>93</ymin>
			<xmax>407</xmax>
			<ymax>254</ymax>
		</bndbox>
	</object>
</annotation>