<annotation>
	<folder>my-project-name</folder>
	<filename>squat4.jpg</filename>
	<path>/my-project-name/squat4.jpg</path>
	<source>
		<database>Unspecified</database>
	</source>
	<size>
		<width>1388</width>
		<height>1500</height>
		<depth>3</depth>
	</size>
	<object>
		<name>dumbbell</name>
		<pose>Unspecified</pose>
		<truncated>0</truncated>
		<difficult>0</difficult>
		<bndbox>
			<xmin>0</xmin>
			<ymin>335</ymin>
			<xmax>1388</xmax>
			<ymax>648</ymax>
		</bndbox>
	</object>
	<object>
		<name>dumbbell</name>
		<pose>Unspecified</pose>
		<truncated>0</truncated>
		<difficult>0</difficult>
		<bndbox>
			<xmin>233</xmin>
			<ymin>1022</ymin>
			<xmax>431</xmax>
			<ymax>1359</ymax>
		</bndbox>
	</object>
	<object>
		<name>dumbbell</name>
		<pose>Unspecified</pose>
		<truncated>0</truncated>
		<difficult>0</difficult>
		<bndbox>
			<xmin>824</xmin>
			<ymin>1008</ymin>
			<xmax>1114</xmax>
			<ymax>1308</ymax>
		</bndbox>
	</object>
	<object>
		<name>squat</name>
		<pose>Unspecified</pose>
		<truncated>0</truncated>
		<difficult>0</difficult>
		<bndbox>
			<xmin>272</xmin>
			<ymin>0</ymin>
			<xmax>1226</xmax>
			<ymax>1500</ymax>
		</bndbox>
	</object>
</annotation>