<annotation>
	<folder>my-project-name</folder>
	<filename>treadmill1.jpg</filename>
	<path>/my-project-name/treadmill1.jpg</path>
	<source>
		<database>Unspecified</database>
	</source>
	<size>
		<width>425</width>
		<height>506</height>
		<depth>3</depth>
	</size>
	<object>
		<name>treadmill</name>
		<pose>Unspecified</pose>
		<truncated>0</truncated>
		<difficult>0</difficult>
		<bndbox>
			<xmin>1</xmin>
			<ymin>94</ymin>
			<xmax>425</xmax>
			<ymax>506</ymax>
		</bndbox>
	</object>
</annotation>