<annotation>
	<folder>my-project-name</folder>
	<filename>treadmill2.jpg</filename>
	<path>/my-project-name/treadmill2.jpg</path>
	<source>
		<database>Unspecified</database>
	</source>
	<size>
		<width>1500</width>
		<height>1491</height>
		<depth>3</depth>
	</size>
	<object>
		<name>treadmill</name>
		<pose>Unspecified</pose>
		<truncated>0</truncated>
		<difficult>0</difficult>
		<bndbox>
			<xmin>0</xmin>
			<ymin>0</ymin>
			<xmax>1482</xmax>
			<ymax>1466</ymax>
		</bndbox>
	</object>
</annotation>